{
  "accuracy": 0.8138208654813821,
  "macro_f1": 0.7997946897006201,
  "per_class_f1": {
    "positive": 0.8431718061674008,
    "negative": 0.8610987047789191,
    "neutral": 0.6951135581555402
  },
  "trainable_params": 394499
}