{
  "accuracy": 0.8138208654813821,
  "macro_f1": 0.7997592014271312,
  "per_class_f1": {
    "positive": 0.8435434111943587,
    "negative": 0.8610987047789191,
    "neutral": 0.6946354883081155
  },
  "trainable_params": 394499
}